start_time,end_time,dx_range,dy_range,dz_range
0.35200000000000004,0.655,"(-0.024700000000000017, 0.040000000000000015)","(-0.04309999999999998, 0.013199999999999991)","(-0.05039999999999998, 0.007599999999999996)"
1.229,5.252999999999999,"(-0.0334, 0.05209999999999998)","(-0.0577, 0.0227)","(-0.07390000000000001, 0.019799999999999984)"
0.35200000000000004,0.594,"(-0.024700000000000017, 0.040000000000000015)","(-0.04309999999999998, 0.013199999999999991)","(-0.05039999999999998, 0.007599999999999996)"
1.351,11.486,"(-0.0354, 0.05519999999999997)","(-0.0578, 0.029700000000000008)","(-0.07390000000000001, 0.023799999999999988)"
1.351,11.485999999999999,"(-0.0354, 0.05519999999999997)","(-0.0578, 0.029700000000000008)","(-0.07390000000000001, 0.023799999999999988)"
1.351,17.718,"(-0.037100000000000015, 0.056200000000000035)","(-0.061299999999999986, 0.0305)","(-0.0757, 0.023799999999999988)"
1.351,20.561999999999998,"(-0.038500000000000006, 0.056200000000000035)","(-0.061299999999999986, 0.0305)","(-0.0757, 0.023799999999999988)"
1.351,27.006,"(-0.038500000000000006, 0.056200000000000035)","(-0.061299999999999986, 0.0305)","(-0.0757, 0.023799999999999988)"
5.7070000000000025,27.097,"(-0.038500000000000006, 0.056200000000000035)","(-0.061299999999999986, 0.0305)","(-0.0757, 0.023799999999999988)"
27.641,35.69,"(-0.03530000000000001, 0.05699999999999999)","(-0.05750000000000001, 0.030200000000000005)","(-0.0771, 0.025599999999999984)"
5.7070000000000025,27.096999999999998,"(-0.038500000000000006, 0.056200000000000035)","(-0.061299999999999986, 0.0305)","(-0.0757, 0.023799999999999988)"
12.151,27.097,"(-0.038500000000000006, 0.056200000000000035)","(-0.06030000000000001, 0.0305)","(-0.07540000000000001, 0.022400000000000003)"
27.641,29.215,"(-0.029599999999999987, 0.05699999999999999)","(-0.0532, 0.0262)","(-0.0654, 0.025599999999999984)"
29.76,36.809,"(-0.03530000000000001, 0.05529999999999999)","(-0.05750000000000001, 0.030200000000000005)","(-0.0771, 0.020500000000000015)"
37.354,42.13399999999999,"(-0.03839999999999999, 0.05359999999999998)","(-0.0587, 0.029100000000000018)","(-0.07490000000000001, 0.01910000000000001)"
12.151,27.096999999999998,"(-0.038500000000000006, 0.056200000000000035)","(-0.06030000000000001, 0.0305)","(-0.07540000000000001, 0.022400000000000003)"
21.228,27.097,"(-0.037599999999999995, 0.05250000000000002)","(-0.0587, 0.027900000000000008)","(-0.07540000000000001, 0.021600000000000008)"
29.76,51.119,"(-0.03839999999999999, 0.05529999999999999)","(-0.05939999999999999, 0.030200000000000005)","(-0.0771, 0.02410000000000001)"
21.228,27.096999999999998,"(-0.037599999999999995, 0.05250000000000002)","(-0.0587, 0.027900000000000008)","(-0.07540000000000001, 0.021600000000000008)"
37.354,57.261,"(-0.03839999999999999, 0.0539)","(-0.05939999999999999, 0.0305)","(-0.07490000000000001, 0.02410000000000001)"
37.354,66.973,"(-0.0391, 0.055999999999999994)","(-0.05980000000000001, 0.031300000000000015)","(-0.07629999999999999, 0.028200000000000006)"
43.889,73.62899999999998,"(-0.0391, 0.055999999999999994)","(-0.06119999999999999, 0.031300000000000015)","(-0.07629999999999999, 0.028200000000000006)"
43.888999999999996,73.62899999999998,"(-0.0391, 0.055999999999999994)","(-0.06119999999999999, 0.031300000000000015)","(-0.07629999999999999, 0.028200000000000006)"
52.601000000000006,82.221,"(-0.0391, 0.055999999999999994)","(-0.06119999999999999, 0.031300000000000015)","(-0.07629999999999999, 0.028200000000000006)"
59.257,89.24,"(-0.0391, 0.055999999999999994)","(-0.06119999999999999, 0.031300000000000015)","(-0.07629999999999999, 0.028200000000000006)"
68.60600000000001,98.467,"(-0.0412, 0.054999999999999966)","(-0.06119999999999999, 0.028599999999999987)","(-0.0761, 0.023799999999999988)"
68.60600000000001,98.46700000000001,"(-0.0412, 0.054999999999999966)","(-0.06119999999999999, 0.028599999999999987)","(-0.0761, 0.023799999999999988)"
75.383,105.305,"(-0.0412, 0.052999999999999985)","(-0.06039999999999999, 0.028599999999999987)","(-0.0761, 0.023799999999999988)"
81.616,111.538,"(-0.0412, 0.054999999999999986)","(-0.06039999999999999, 0.029700000000000008)","(-0.0761, 0.023799999999999988)"
84.853,114.715,"(-0.0412, 0.054999999999999986)","(-0.06039999999999999, 0.029700000000000008)","(-0.0761, 0.0232)"
91.207,120.856,"(-0.0412, 0.054999999999999986)","(-0.06039999999999999, 0.029700000000000008)","(-0.07529999999999999, 0.0232)"
91.20700000000001,120.85600000000001,"(-0.0412, 0.054999999999999986)","(-0.06039999999999999, 0.029700000000000008)","(-0.07529999999999999, 0.0232)"
97.106,121.371,"(-0.0398, 0.054999999999999986)","(-0.06000000000000001, 0.029700000000000008)","(-0.07529999999999999, 0.0232)"
121.915,127.089,"(-0.03480000000000001, 0.05259999999999998)","(-0.059600000000000014, 0.028200000000000006)","(-0.07329999999999999, 0.02299999999999999)"
97.10600000000001,121.37100000000001,"(-0.0398, 0.054999999999999986)","(-0.06000000000000001, 0.029700000000000008)","(-0.07529999999999999, 0.0232)"
107.151,121.371,"(-0.0398, 0.05329999999999998)","(-0.057700000000000015, 0.029700000000000008)","(-0.07529999999999999, 0.02260000000000001)"
121.915,136.921,"(-0.042900000000000015, 0.05259999999999998)","(-0.059600000000000014, 0.028200000000000006)","(-0.0788, 0.02299999999999999)"
107.15100000000001,121.37100000000001,"(-0.0398, 0.05329999999999998)","(-0.057700000000000015, 0.029700000000000008)","(-0.07529999999999999, 0.02260000000000001)"
112.869,121.371,"(-0.0398, 0.05329999999999998)","(-0.0576, 0.02839999999999998)","(-0.07529999999999999, 0.01669999999999999)"
121.915,142.851,"(-0.042900000000000015, 0.05259999999999998)","(-0.059600000000000014, 0.028200000000000006)","(-0.0788, 0.02299999999999999)"
116.318,121.37100000000001,"(-0.03520000000000001, 0.0469)","(-0.05729999999999999, 0.0222)","(-0.07440000000000001, 0.014500000000000013)"
121.915,146.24,"(-0.042900000000000015, 0.05259999999999998)","(-0.059600000000000014, 0.0285)","(-0.079, 0.02299999999999999)"
122.974,152.532,"(-0.042900000000000015, 0.05259999999999998)","(-0.0612, 0.0285)","(-0.079, 0.02299999999999999)"
122.97399999999999,152.532,"(-0.042900000000000015, 0.05259999999999998)","(-0.0612, 0.0285)","(-0.079, 0.02299999999999999)"
128.692,158.674,"(-0.040999999999999995, 0.05250000000000002)","(-0.06480000000000001, 0.0285)","(-0.079, 0.022299999999999983)"
131.32399999999998,161.30700000000004,"(-0.040999999999999995, 0.05250000000000002)","(-0.06480000000000001, 0.0285)","(-0.079, 0.022299999999999983)"
137.92,167.75099999999995,"(-0.040999999999999995, 0.056300000000000024)","(-0.06480000000000001, 0.0285)","(-0.079, 0.021799999999999986)"
144.031,174.013,"(-0.040999999999999995, 0.056300000000000024)","(-0.06480000000000001, 0.029200000000000007)","(-0.079, 0.026800000000000015)"
146.966,176.766,"(-0.040999999999999995, 0.056300000000000024)","(-0.06480000000000001, 0.029200000000000007)","(-0.07819999999999999, 0.026800000000000015)"
153.44,183.392,"(-0.040999999999999995, 0.056300000000000024)","(-0.06480000000000001, 0.029200000000000007)","(-0.07719999999999999, 0.026800000000000015)"
159.733,189.716,"(-0.038099999999999995, 0.056300000000000024)","(-0.0611, 0.029200000000000007)","(-0.07719999999999999, 0.026800000000000015)"
159.733,189.71599999999998,"(-0.038099999999999995, 0.056300000000000024)","(-0.0611, 0.029200000000000007)","(-0.07719999999999999, 0.026800000000000015)"
168.71900000000005,198.519,"(-0.038099999999999995, 0.055400000000000005)","(-0.0611, 0.029799999999999993)","(-0.07619999999999999, 0.026800000000000015)"
175.859,205.78,"(-0.037099999999999994, 0.055400000000000005)","(-0.0611, 0.029799999999999993)","(-0.0792, 0.0255)"
184.845,214.767,"(-0.03929999999999999, 0.0527)","(-0.0611, 0.029799999999999993)","(-0.0792, 0.0247)"
191.259,220.968,"(-0.03929999999999999, 0.05629999999999999)","(-0.061, 0.02889999999999998)","(-0.0792, 0.026399999999999983)"
194.132,223.993,"(-0.03929999999999999, 0.05629999999999999)","(-0.061, 0.02889999999999998)","(-0.0792, 0.026399999999999983)"
200.153,230.014,"(-0.03929999999999999, 0.05629999999999999)","(-0.061999999999999986, 0.030299999999999994)","(-0.0767, 0.026399999999999983)"
205.932,235.884,"(-0.039900000000000005, 0.05629999999999999)","(-0.061999999999999986, 0.030299999999999994)","(-0.0767, 0.026399999999999983)"
209.229,239.21200000000002,"(-0.039900000000000005, 0.05629999999999999)","(-0.061999999999999986, 0.030299999999999994)","(-0.0767, 0.026399999999999983)"
215.613,245.565,"(-0.039900000000000005, 0.05579999999999999)","(-0.061999999999999986, 0.030299999999999994)","(-0.0767, 0.026399999999999983)"
221.634,246.171,"(-0.039900000000000005, 0.054899999999999984)","(-0.061999999999999986, 0.030299999999999994)","(-0.0767, 0.025300000000000017)"
246.715,251.525,"(-0.03839999999999999, 0.0529)","(-0.05619999999999998, 0.029)","(-0.0748, 0.02100000000000002)"
224.75099999999998,246.171,"(-0.039900000000000005, 0.054899999999999984)","(-0.061999999999999986, 0.030299999999999994)","(-0.0761, 0.025300000000000017)"
246.715,252.827,"(-0.03839999999999999, 0.0529)","(-0.05619999999999998, 0.029)","(-0.0748, 0.02100000000000002)"
253.37099999999998,254.157,"(-0.027499999999999997, 0.0504)","(-0.05900000000000001, 0.026399999999999983)","(-0.07050000000000001, 0.014299999999999981)"
230.68,260.541,"(-0.039900000000000005, 0.054899999999999984)","(-0.0605, 0.029)","(-0.0751, 0.025300000000000017)"
237.457,246.171,"(-0.0372, 0.05410000000000001)","(-0.0586, 0.028799999999999992)","(-0.07490000000000001, 0.025300000000000017)"
253.371,267.409,"(-0.04229999999999999, 0.0532)","(-0.05980000000000001, 0.03)","(-0.0762, 0.0222)"
240.11900000000003,246.171,"(-0.0372, 0.05410000000000001)","(-0.0586, 0.02679999999999999)","(-0.07490000000000001, 0.025300000000000017)"
253.37099999999998,270.041,"(-0.04229999999999999, 0.0532)","(-0.05980000000000001, 0.03)","(-0.0785, 0.0222)"
253.371,276.335,"(-0.04229999999999999, 0.05550000000000002)","(-0.05980000000000001, 0.03)","(-0.0785, 0.0222)"
253.37099999999998,276.335,"(-0.04229999999999999, 0.05550000000000002)","(-0.05980000000000001, 0.03)","(-0.0785, 0.0222)"
253.371,280.177,"(-0.04229999999999999, 0.05550000000000002)","(-0.060799999999999986, 0.03)","(-0.0785, 0.0222)"
280.721,283.0209999999999,"(-0.0325, 0.05279999999999998)","(-0.055400000000000005, 0.0255)","(-0.067, 0.015999999999999986)"
255.97299999999998,280.177,"(-0.04229999999999999, 0.05550000000000002)","(-0.060799999999999986, 0.03)","(-0.0785, 0.0222)"
280.721,285.8640000000001,"(-0.039999999999999994, 0.05279999999999998)","(-0.0578, 0.028099999999999986)","(-0.07669999999999999, 0.01949999999999999)"
259.725,280.177,"(-0.04229999999999999, 0.05550000000000002)","(-0.060799999999999986, 0.03)","(-0.0785, 0.0222)"
280.721,289.525,"(-0.039999999999999994, 0.0544)","(-0.0578, 0.03)","(-0.07669999999999999, 0.02310000000000001)"
262.508,280.177,"(-0.04229999999999999, 0.05550000000000002)","(-0.060799999999999986, 0.028200000000000006)","(-0.0785, 0.021799999999999986)"
280.721,292.49,"(-0.039999999999999994, 0.0544)","(-0.05880000000000001, 0.03)","(-0.0774, 0.02310000000000001)"
268.529,298.42,"(-0.041900000000000014, 0.05550000000000002)","(-0.06119999999999999, 0.03)","(-0.07839999999999997, 0.02310000000000001)"
271.161,280.177,"(-0.04130000000000002, 0.05550000000000002)","(-0.060799999999999986, 0.028200000000000006)","(-0.07839999999999997, 0.019699999999999995)"
280.721,300.961,"(-0.041900000000000014, 0.0544)","(-0.06119999999999999, 0.03)","(-0.0774, 0.02310000000000001)"
274.065,280.177,"(-0.04130000000000002, 0.050100000000000006)","(-0.060799999999999986, 0.028200000000000006)","(-0.07839999999999997, 0.018600000000000002)"
280.721,303.0490000000001,"(-0.041900000000000014, 0.0544)","(-0.06119999999999999, 0.03)","(-0.0774, 0.02310000000000001)"
303.594,304.047,"(-0.042400000000000014, 0.0345)","(-0.05989999999999999, 0.0131)","(-0.07449999999999997, 0.015399999999999997)"
277.69599999999997,280.177,"(-0.04130000000000002, 0.046199999999999984)","(-0.060799999999999986, 0.02299999999999999)","(-0.0759, 0.014600000000000004)"
303.594,307.496,"(-0.042400000000000014, 0.050700000000000016)","(-0.05989999999999999, 0.029)","(-0.07909999999999999, 0.02099999999999999)"
283.777,303.0490000000001,"(-0.041900000000000014, 0.0544)","(-0.06119999999999999, 0.03)","(-0.0774, 0.02310000000000001)"
303.594,313.759,"(-0.042400000000000014, 0.0532)","(-0.05989999999999999, 0.029)","(-0.07909999999999999, 0.02499999999999999)"
286.56,303.0490000000001,"(-0.041900000000000014, 0.0544)","(-0.06119999999999999, 0.03)","(-0.0774, 0.02310000000000001)"
303.594,315.423,"(-0.042400000000000014, 0.0532)","(-0.05989999999999999, 0.029)","(-0.07909999999999999, 0.02499999999999999)"
315.968,316.512,"(-0.036999999999999984, 0.04929999999999998)","(-0.059100000000000014, 0.030200000000000005)","(-0.0728, 0.019800000000000012)"
292.339,303.0490000000001,"(-0.041900000000000014, 0.049600000000000005)","(-0.06119999999999999, 0.027900000000000008)","(-0.0756, 0.02299999999999999)"
315.968,322.139,"(-0.038099999999999995, 0.0514)","(-0.059100000000000014, 0.030200000000000005)","(-0.0734, 0.02060000000000001)"
298.42,303.0490000000001,"(-0.0358, 0.0436)","(-0.05889999999999999, 0.0257)","(-0.07400000000000001, 0.0181)"
315.968,328.3719999999999,"(-0.038999999999999986, 0.055399999999999984)","(-0.059300000000000026, 0.030200000000000005)","(-0.07940000000000001, 0.022400000000000003)"
301.295,303.0490000000001,"(-0.0358, 0.04350000000000001)","(-0.0576, 0.0257)","(-0.07400000000000001, 0.016400000000000026)"
315.968,331.004,"(-0.038999999999999986, 0.055399999999999984)","(-0.059300000000000026, 0.033)","(-0.07940000000000001, 0.0227)"
307.557,315.423,"(-0.037599999999999995, 0.0532)","(-0.058799999999999984, 0.027999999999999997)","(-0.07550000000000001, 0.02499999999999999)"
315.968,337.4480000000001,"(-0.038999999999999986, 0.055399999999999984)","(-0.059300000000000026, 0.033)","(-0.07940000000000001, 0.0227)"
313.6690000000001,315.423,"(-0.03209999999999999, 0.048199999999999986)","(-0.058799999999999984, 0.027400000000000008)","(-0.0697, 0.016199999999999992)"
315.968,343.59,"(-0.0413, 0.055399999999999984)","(-0.0606, 0.033)","(-0.07940000000000001, 0.0227)"
316.512,346.101,"(-0.0413, 0.055399999999999984)","(-0.0606, 0.033)","(-0.07940000000000001, 0.02690000000000001)"
320.748,350.60900000000015,"(-0.0413, 0.055399999999999984)","(-0.0606, 0.033)","(-0.07940000000000001, 0.02690000000000001)"
323.9240000000001,351.72900000000016,"(-0.0413, 0.055399999999999984)","(-0.0606, 0.033)","(-0.07940000000000001, 0.02690000000000001)"
352.273,353.907,"(-0.030699999999999988, 0.049400000000000034)","(-0.054199999999999984, 0.027999999999999997)","(-0.0679, 0.019799999999999984)"
330.036,351.72900000000016,"(-0.0413, 0.05479999999999999)","(-0.0606, 0.032)","(-0.0777, 0.02690000000000001)"
352.273,359.958,"(-0.03630000000000001, 0.05699999999999999)","(-0.057499999999999975, 0.028400000000000012)","(-0.0798, 0.023300000000000015)"
336.541,363.165,"(-0.0413, 0.05699999999999999)","(-0.0606, 0.032)","(-0.0798, 0.02690000000000001)"
363.709,366.49300000000005,"(-0.0358, 0.05209999999999998)","(-0.0573, 0.027600000000000013)","(-0.07369999999999999, 0.015699999999999992)"
339.476,363.165,"(-0.0413, 0.05699999999999999)","(-0.0606, 0.032)","(-0.0798, 0.02690000000000001)"
363.709,369.42800000000005,"(-0.0358, 0.05269999999999997)","(-0.057900000000000014, 0.027600000000000013)","(-0.07369999999999999, 0.01730000000000001)"
345.496,363.165,"(-0.037500000000000006, 0.05699999999999999)","(-0.058799999999999984, 0.029)","(-0.0798, 0.023300000000000015)"
363.709,375.478,"(-0.0416, 0.0549)","(-0.05829999999999999, 0.029700000000000008)","(-0.07529999999999999, 0.022800000000000015)"
351.45599999999985,363.165,"(-0.037500000000000006, 0.05699999999999999)","(-0.057499999999999975, 0.029)","(-0.0798, 0.023300000000000015)"
363.709,381.347,"(-0.0416, 0.0549)","(-0.05829999999999999, 0.029700000000000008)","(-0.07529999999999999, 0.02300000000000002)"
354.51199999999994,363.165,"(-0.037500000000000006, 0.05699999999999999)","(-0.057499999999999975, 0.029)","(-0.0798, 0.023300000000000015)"
363.709,384.37300000000016,"(-0.0416, 0.0549)","(-0.0591, 0.029700000000000008)","(-0.07529999999999999, 0.023799999999999988)"
360.714,363.165,"(-0.037500000000000006, 0.0469)","(-0.0567, 0.029)","(-0.0744, 0.0214)"
363.709,390.636,"(-0.0416, 0.0549)","(-0.0591, 0.029700000000000008)","(-0.07529999999999999, 0.023799999999999988)"
363.709,390.63599999999997,"(-0.0416, 0.0549)","(-0.0591, 0.029700000000000008)","(-0.07529999999999999, 0.023799999999999988)"
367.06699999999995,396.657,"(-0.0416, 0.0549)","(-0.05939999999999999, 0.029700000000000008)","(-0.07569999999999999, 0.023799999999999988)"
370.425,399.954,"(-0.0416, 0.0549)","(-0.05939999999999999, 0.029700000000000008)","(-0.0765, 0.023799999999999988)"
375.963,405.733,"(-0.038999999999999986, 0.05359999999999998)","(-0.05939999999999999, 0.029099999999999987)","(-0.0776, 0.023799999999999988)"
382.619,412.449,"(-0.038999999999999986, 0.05359999999999998)","(-0.06059999999999999, 0.029099999999999987)","(-0.0776, 0.023799999999999988)"
385.341,415.142,"(-0.041899999999999986, 0.05390000000000003)","(-0.06059999999999999, 0.029099999999999987)","(-0.0776, 0.02299999999999999)"
388.397,418.379,"(-0.041899999999999986, 0.05390000000000003)","(-0.06059999999999999, 0.029099999999999987)","(-0.0776, 0.02299999999999999)"
391.51300000000003,421.465,"(-0.041899999999999986, 0.05390000000000003)","(-0.06059999999999999, 0.029099999999999987)","(-0.0776, 0.02299999999999999)"
398.109,428.091,"(-0.041899999999999986, 0.05390000000000003)","(-0.06059999999999999, 0.029)","(-0.0776, 0.02209999999999998)"
398.10900000000004,428.091,"(-0.041899999999999986, 0.05390000000000003)","(-0.06059999999999999, 0.029)","(-0.0776, 0.02209999999999998)"
405.00699999999995,434.777,"(-0.041899999999999986, 0.0544)","(-0.06059999999999999, 0.030700000000000005)","(-0.07659999999999999, 0.02299999999999999)"
407.881,437.531,"(-0.041899999999999986, 0.0544)","(-0.06059999999999999, 0.030700000000000005)","(-0.07959999999999999, 0.02299999999999999)"
410.361,440.344,"(-0.041899999999999986, 0.0544)","(-0.06059999999999999, 0.030700000000000005)","(-0.07959999999999999, 0.02299999999999999)"
413.72,440.85900000000004,"(-0.041899999999999986, 0.0544)","(-0.05980000000000001, 0.030700000000000005)","(-0.07959999999999999, 0.02299999999999999)"
441.403,443.37,"(-0.027400000000000008, 0.0517)","(-0.05489999999999999, 0.0325)","(-0.0703, 0.0252)"
420.255,440.859,"(-0.0387, 0.0544)","(-0.05980000000000001, 0.030700000000000005)","(-0.07959999999999999, 0.02299999999999999)"
441.403,446.577,"(-0.0402, 0.0517)","(-0.0571, 0.0325)","(-0.0775, 0.0252)"
447.181,450.237,"(-0.0374, 0.053700000000000025)","(-0.052599999999999994, 0.027600000000000013)","(-0.0702, 0.02399999999999999)"
420.255,440.85900000000004,"(-0.0387, 0.0544)","(-0.05980000000000001, 0.030700000000000005)","(-0.07959999999999999, 0.02299999999999999)"
447.181,450.23699999999997,"(-0.0374, 0.053700000000000025)","(-0.052599999999999994, 0.027600000000000013)","(-0.0702, 0.02399999999999999)"
426.851,440.859,"(-0.0387, 0.0544)","(-0.05980000000000001, 0.030700000000000005)","(-0.07959999999999999, 0.02299999999999999)"
447.181,456.773,"(-0.0403, 0.054999999999999986)","(-0.06119999999999999, 0.032299999999999995)","(-0.0756, 0.02399999999999999)"
429.906,440.85900000000004,"(-0.0387, 0.0544)","(-0.05980000000000001, 0.029400000000000013)","(-0.07959999999999999, 0.02210000000000001)"
447.181,459.284,"(-0.0403, 0.054999999999999986)","(-0.06119999999999999, 0.0335)","(-0.0756, 0.024000000000000018)"
435.624,440.859,"(-0.0387, 0.04879999999999998)","(-0.0572, 0.029400000000000013)","(-0.07959999999999999, 0.02210000000000001)"
447.181,465.576,"(-0.04219999999999999, 0.054999999999999986)","(-0.06119999999999999, 0.0335)","(-0.07600000000000001, 0.024000000000000018)"
435.624,440.85900000000004,"(-0.0387, 0.04879999999999998)","(-0.0572, 0.029400000000000013)","(-0.07959999999999999, 0.02210000000000001)"
447.181,465.57599999999996,"(-0.04219999999999999, 0.054999999999999986)","(-0.06119999999999999, 0.0335)","(-0.07600000000000001, 0.024000000000000018)"
442.159,446.577,"(-0.0402, 0.0476)","(-0.0571, 0.025100000000000008)","(-0.0775, 0.020000000000000014)"
447.181,472.02,"(-0.04219999999999999, 0.054999999999999986)","(-0.06119999999999999, 0.0335)","(-0.07600000000000001, 0.024000000000000018)"
445.275,446.577,"(-0.0402, 0.0466)","(-0.0571, 0.023799999999999988)","(-0.0775, 0.020000000000000014)"
447.181,475.19699999999995,"(-0.04219999999999999, 0.054999999999999986)","(-0.06119999999999999, 0.0335)","(-0.07600000000000001, 0.024000000000000018)"
448.603,478.585,"(-0.04219999999999999, 0.05629999999999999)","(-0.06319999999999999, 0.0335)","(-0.07600000000000001, 0.02460000000000001)"
452.173,482.156,"(-0.04219999999999999, 0.05629999999999999)","(-0.06319999999999999, 0.0335)","(-0.07600000000000001, 0.02460000000000001)"
458.557,488.267,"(-0.04219999999999999, 0.05629999999999999)","(-0.06319999999999999, 0.0335)","(-0.07600000000000001, 0.02460000000000001)"
461.341,491.171,"(-0.04279999999999999, 0.05629999999999999)","(-0.06319999999999999, 0.031399999999999983)","(-0.07680000000000001, 0.02460000000000001)"
465.093,482.459,"(-0.038499999999999986, 0.05629999999999999)","(-0.06319999999999999, 0.031399999999999983)","(-0.07570000000000003, 0.02460000000000001)"
483.003,494.772,"(-0.04279999999999999, 0.05190000000000003)","(-0.060800000000000014, 0.029599999999999987)","(-0.07680000000000001, 0.0244)"
467.755,482.459,"(-0.038499999999999986, 0.05629999999999999)","(-0.06319999999999999, 0.031399999999999983)","(-0.07570000000000003, 0.02460000000000001)"
483.00300000000004,497.73699999999997,"(-0.04279999999999999, 0.05190000000000003)","(-0.060800000000000014, 0.030200000000000005)","(-0.07680000000000001, 0.0244)"
473.927,482.459,"(-0.038499999999999986, 0.05629999999999999)","(-0.06319999999999999, 0.028600000000000018)","(-0.07570000000000003, 0.02460000000000001)"
483.003,503.606,"(-0.04279999999999999, 0.05349999999999997)","(-0.060800000000000014, 0.030200000000000005)","(-0.07680000000000001, 0.0247)"
473.92699999999996,482.459,"(-0.038499999999999986, 0.05629999999999999)","(-0.06319999999999999, 0.028600000000000018)","(-0.07570000000000003, 0.02460000000000001)"
483.00300000000004,503.606,"(-0.04279999999999999, 0.05349999999999997)","(-0.060800000000000014, 0.030200000000000005)","(-0.07680000000000001, 0.0247)"
480.461,510.444,"(-0.04279999999999999, 0.05349999999999997)","(-0.060800000000000014, 0.030200000000000005)","(-0.07680000000000001, 0.0247)"
483.48699999999997,513.197,"(-0.04279999999999999, 0.05349999999999997)","(-0.060800000000000014, 0.030200000000000005)","(-0.07709999999999999, 0.0247)"
489.841,519.4590000000002,"(-0.04279999999999999, 0.05349999999999997)","(-0.060800000000000014, 0.030200000000000005)","(-0.0789, 0.0247)"
495.831,525.753,"(-0.039500000000000014, 0.0539)","(-0.05930000000000001, 0.029900000000000013)","(-0.0789, 0.0247)"
498.856,528.566,"(-0.039999999999999994, 0.0539)","(-0.05930000000000001, 0.029900000000000013)","(-0.0789, 0.0247)"
505.633,535.464,"(-0.039999999999999994, 0.05400000000000002)","(-0.05930000000000001, 0.033700000000000015)","(-0.0789, 0.022900000000000004)"
505.63300000000004,535.464,"(-0.039999999999999994, 0.05400000000000002)","(-0.05930000000000001, 0.033700000000000015)","(-0.0789, 0.022900000000000004)"
511.745,541.727,"(-0.039999999999999994, 0.05400000000000002)","(-0.0597, 0.033700000000000015)","(-0.0789, 0.023799999999999988)"
514.589,544.48,"(-0.039999999999999994, 0.05400000000000002)","(-0.0597, 0.033700000000000015)","(-0.0789, 0.023799999999999988)"
518.401,548.1709999999998,"(-0.039999999999999994, 0.05400000000000002)","(-0.0597, 0.033700000000000015)","(-0.07769999999999999, 0.023799999999999988)"
521.366,551.1659999999998,"(-0.039999999999999994, 0.05510000000000001)","(-0.0597, 0.033700000000000015)","(-0.07769999999999999, 0.023799999999999988)"
528.082,557.943,"(-0.0397, 0.055899999999999984)","(-0.0612, 0.033700000000000015)","(-0.07769999999999999, 0.023799999999999988)"
533.982,563.752,"(-0.03970000000000001, 0.055899999999999984)","(-0.0612, 0.032300000000000016)","(-0.0759, 0.023799999999999988)"
537.854,567.474,"(-0.03970000000000001, 0.055899999999999984)","(-0.0612, 0.032300000000000016)","(-0.07519999999999999, 0.023799999999999988)"
540.668,549.019,"(-0.03589999999999999, 0.05149999999999999)","(-0.0575, 0.025300000000000017)","(-0.07519999999999999, 0.02010000000000001)"
549.563,551.197,"(-0.029300000000000007, 0.05510000000000001)","(-0.056800000000000024, 0.032300000000000016)","(-0.06849999999999999, 0.023400000000000004)"
551.741,570.651,"(-0.03970000000000001, 0.055899999999999984)","(-0.0612, 0.030399999999999983)","(-0.0751, 0.02210000000000001)"
543.572,551.197,"(-0.03589999999999999, 0.05510000000000001)","(-0.0575, 0.032300000000000016)","(-0.07400000000000001, 0.023400000000000004)"
551.741,573.253,"(-0.03970000000000001, 0.055899999999999984)","(-0.0612, 0.030399999999999983)","(-0.0751, 0.02210000000000001)"
550.168,551.197,"(-0.0271, 0.05510000000000001)","(-0.056800000000000024, 0.0232)","(-0.06849999999999999, 0.018000000000000016)"
551.741,580.059,"(-0.03970000000000001, 0.055899999999999984)","(-0.0612, 0.030399999999999983)","(-0.0783, 0.02360000000000001)"
556.7330000000002,586.443,"(-0.044799999999999986, 0.053399999999999975)","(-0.0612, 0.030399999999999983)","(-0.0784, 0.02360000000000001)"
560.091,589.802,"(-0.044799999999999986, 0.053399999999999975)","(-0.06039999999999999, 0.029)","(-0.0784, 0.02360000000000001)"
563.389,593.099,"(-0.044799999999999986, 0.05490000000000003)","(-0.06039999999999999, 0.029)","(-0.0784, 0.02360000000000001)"
567.05,593.947,"(-0.044799999999999986, 0.05490000000000003)","(-0.06039999999999999, 0.029)","(-0.0784, 0.02360000000000001)"
594.5509999999998,596.79,"(-0.031300000000000015, 0.05229999999999998)","(-0.04859999999999999, 0.028600000000000018)","(-0.0678, 0.023400000000000004)"
572.95,593.947,"(-0.044799999999999986, 0.05490000000000003)","(-0.06039999999999999, 0.029)","(-0.0784, 0.02360000000000001)"
594.5509999999998,602.781,"(-0.03720000000000001, 0.05229999999999998)","(-0.06140000000000001, 0.028600000000000018)","(-0.077, 0.023400000000000004)"
573.585,593.947,"(-0.044799999999999986, 0.05490000000000003)","(-0.06039999999999999, 0.029)","(-0.0784, 0.02360000000000001)"
603.325,603.507,"(-0.0291, -0.010300000000000005)","(-0.0578, -0.0353)","(-0.0691, -0.0527)"
0.29100000000000004,0.594,"(-0.0255, 0.04119999999999999)","(-0.049199999999999994, 0.017100000000000004)","(-0.055999999999999994, 0.010199999999999987)"
1.229,5.919,"(-0.03600000000000002, 0.05009999999999998)","(-0.060399999999999975, 0.027400000000000008)","(-0.07559999999999999, 0.020800000000000013)"
0.231,0.564,"(-0.01910000000000001, 0.0524)","(-0.0474, 0.022900000000000004)","(-0.05229999999999998, 0.011399999999999992)"
1.26,6.1,"(-0.036600000000000014, 0.050299999999999984)","(-0.05710000000000001, 0.026300000000000014)","(-0.07089999999999999, 0.02109999999999998)"
0.261,0.594,"(-0.021600000000000008, 0.0539)","(-0.044300000000000006, 0.03)","(-0.055900000000000005, 0.01960000000000001)"
1.29,12.696,"(-0.0369, 0.05430000000000002)","(-0.0551, 0.03159999999999999)","(-0.07819999999999999, 0.02590000000000001)"
1.26,5.919,"(-0.0369, 0.05429999999999999)","(-0.0551, 0.03159999999999999)","(-0.07819999999999999, 0.02049999999999999)"
6.4639999999999995,18.021,"(-0.03599999999999999, 0.05430000000000002)","(-0.055400000000000005, 0.03209999999999999)","(-0.07219999999999999, 0.02590000000000001)"
6.4639999999999995,26.038,"(-0.03620000000000001, 0.05430000000000002)","(-0.0575, 0.03209999999999999)","(-0.07460000000000001, 0.028700000000000007)"
3.71,5.919,"(-0.036500000000000005, 0.043800000000000006)","(-0.05489999999999999, 0.02449999999999999)","(-0.07819999999999999, 0.013300000000000006)"
6.4639999999999995,33.541,"(-0.043800000000000006, 0.05430000000000002)","(-0.058300000000000025, 0.03209999999999999)","(-0.07460000000000001, 0.028700000000000007)"
10.940999999999999,40.650999999999996,"(-0.043800000000000006, 0.0529)","(-0.058300000000000025, 0.03209999999999999)","(-0.0748, 0.028700000000000007)"
15.873,41.49899999999999,"(-0.043800000000000006, 0.0529)","(-0.058300000000000025, 0.03209999999999999)","(-0.0748, 0.028700000000000007)"
42.043,45.855,"(-0.0316, 0.0514)","(-0.0573, 0.028100000000000017)","(-0.0726, 0.021900000000000003)"
23.316,41.49899999999999,"(-0.043800000000000006, 0.0529)","(-0.058300000000000025, 0.030500000000000024)","(-0.0748, 0.026500000000000024)"
42.043,45.795,"(-0.0316, 0.0514)","(-0.0573, 0.028100000000000017)","(-0.0726, 0.021900000000000003)"
46.4,53.147,"(-0.03920000000000001, 0.05670000000000003)","(-0.0585, 0.029799999999999993)","(-0.07400000000000001, 0.022900000000000004)"
30.213,41.49899999999999,"(-0.043800000000000006, 0.0529)","(-0.058300000000000025, 0.030500000000000024)","(-0.0748, 0.026500000000000024)"
42.043,45.885,"(-0.0316, 0.0514)","(-0.0573, 0.028100000000000017)","(-0.0726, 0.021900000000000003)"
46.4,60.165,"(-0.03920000000000001, 0.05670000000000003)","(-0.0585, 0.03210000000000002)","(-0.0765, 0.022900000000000004)"
38.019,41.49899999999999,"(-0.03520000000000001, 0.05200000000000002)","(-0.0577, 0.02729999999999999)","(-0.0748, 0.023299999999999987)"
46.4,67.759,"(-0.03920000000000001, 0.05670000000000003)","(-0.0585, 0.03269999999999998)","(-0.0765, 0.02499999999999999)"
43.102,45.885,"(-0.0316, 0.0514)","(-0.0573, 0.026899999999999983)","(-0.0699, 0.021900000000000003)"
46.4,61.345,"(-0.03920000000000001, 0.05670000000000003)","(-0.0585, 0.03269999999999998)","(-0.0765, 0.02499999999999999)"
61.89,72.872,"(-0.03780000000000002, 0.050600000000000034)","(-0.056500000000000015, 0.034200000000000015)","(-0.07730000000000001, 0.02449999999999999)"
50.393,74.779,"(-0.03920000000000001, 0.05340000000000003)","(-0.0585, 0.034200000000000015)","(-0.07730000000000001, 0.02499999999999999)"
75.32300000000002,80.285,"(-0.0402, 0.05609999999999998)","(-0.0551, 0.028700000000000007)","(-0.07429999999999999, 0.02360000000000001)"
57.533,61.345,"(-0.03450000000000002, 0.05340000000000003)","(-0.0556, 0.03269999999999998)","(-0.0765, 0.02499999999999999)"
61.89,74.779,"(-0.03780000000000002, 0.050600000000000034)","(-0.05750000000000001, 0.034200000000000015)","(-0.07730000000000001, 0.02449999999999999)"
75.32300000000002,87.274,"(-0.0402, 0.05609999999999998)","(-0.058400000000000014, 0.028700000000000007)","(-0.07429999999999999, 0.02360000000000001)"
65.309,74.779,"(-0.03780000000000002, 0.050299999999999984)","(-0.05750000000000001, 0.034200000000000015)","(-0.07730000000000001, 0.021199999999999997)"
75.32300000000002,95.17,"(-0.0402, 0.05609999999999998)","(-0.058400000000000014, 0.029)","(-0.07429999999999999, 0.024000000000000018)"
72.207,74.779,"(-0.035100000000000006, 0.049100000000000005)","(-0.05750000000000001, 0.029599999999999987)","(-0.0742, 0.0189)"
75.32300000000002,102.159,"(-0.0402, 0.05609999999999998)","(-0.058400000000000014, 0.029)","(-0.07690000000000001, 0.024000000000000018)"
77.199,93.93,"(-0.0402, 0.05160000000000003)","(-0.058400000000000014, 0.029)","(-0.07429999999999999, 0.021800000000000017)"
94.47399999999999,107.181,"(-0.03979999999999999, 0.05279999999999998)","(-0.05750000000000001, 0.02939999999999998)","(-0.07690000000000001, 0.024000000000000018)"
84.46,93.93,"(-0.03939999999999999, 0.05160000000000003)","(-0.058400000000000014, 0.029)","(-0.07390000000000001, 0.02099999999999999)"
94.474,114.169,"(-0.040399999999999985, 0.05279999999999998)","(-0.05869999999999999, 0.02939999999999998)","(-0.07690000000000001, 0.024000000000000018)"
92.296,93.93,"(-0.035199999999999995, 0.05109999999999998)","(-0.0567, 0.027999999999999997)","(-0.0723, 0.01910000000000001)"
94.47399999999999,106.18299999999999,"(-0.03979999999999999, 0.05279999999999998)","(-0.05750000000000001, 0.02939999999999998)","(-0.07690000000000001, 0.024000000000000018)"
106.727,114.95700000000001,"(-0.040399999999999985, 0.05259999999999998)","(-0.05869999999999999, 0.029099999999999987)","(-0.07500000000000001, 0.0222)"
115.56200000000001,122.27799999999999,"(-0.038499999999999986, 0.05050000000000002)","(-0.0557, 0.0295)","(-0.08000000000000003, 0.0237)"
99.587,114.957,"(-0.040399999999999985, 0.05259999999999998)","(-0.05869999999999999, 0.02939999999999998)","(-0.07500000000000001, 0.0222)"
115.562,129.418,"(-0.040000000000000015, 0.05050000000000002)","(-0.057300000000000025, 0.031700000000000006)","(-0.08000000000000003, 0.0237)"
106.667,114.95700000000001,"(-0.040399999999999985, 0.05259999999999998)","(-0.05869999999999999, 0.029099999999999987)","(-0.07500000000000001, 0.0222)"
115.56200000000001,134.683,"(-0.040000000000000015, 0.055900000000000005)","(-0.0576, 0.031700000000000006)","(-0.08000000000000003, 0.0237)"
135.287,136.559,"(-0.028299999999999995, 0.049400000000000034)","(-0.0527, 0.031)","(-0.0706, 0.017499999999999988)"
111.749,114.957,"(-0.03639999999999999, 0.0522)","(-0.05869999999999999, 0.027599999999999986)","(-0.0736, 0.016500000000000015)"
115.562,134.683,"(-0.040000000000000015, 0.055900000000000005)","(-0.0576, 0.031700000000000006)","(-0.08000000000000003, 0.0237)"
135.287,141.55100000000004,"(-0.0358, 0.0514)","(-0.059099999999999986, 0.031)","(-0.07619999999999999, 0.0255)"
119.34299999999999,134.683,"(-0.040000000000000015, 0.055900000000000005)","(-0.0576, 0.031700000000000006)","(-0.08000000000000003, 0.0237)"
135.227,149.235,"(-0.037000000000000005, 0.0514)","(-0.059099999999999986, 0.031)","(-0.0787, 0.0255)"
127.058,134.683,"(-0.0379, 0.055900000000000005)","(-0.0576, 0.031700000000000006)","(-0.07379999999999999, 0.021600000000000008)"
135.227,157.01,"(-0.037000000000000005, 0.05629999999999996)","(-0.060999999999999985, 0.031)","(-0.0787, 0.0255)"
134.65200000000002,134.683,"(0.041100000000000025, 0.041100000000000025)","(0.022499999999999992, 0.022499999999999992)","(0.0141, 0.0141)"
135.227,154.651,"(-0.037000000000000005, 0.055800000000000016)","(-0.060999999999999985, 0.031)","(-0.0787, 0.0255)"
155.195,164.635,"(-0.03639999999999999, 0.05629999999999996)","(-0.0572, 0.02939999999999998)","(-0.07429999999999999, 0.02300000000000002)"
139.281,154.651,"(-0.037000000000000005, 0.055800000000000016)","(-0.060999999999999985, 0.029899999999999982)","(-0.0787, 0.024800000000000016)"
155.255,169.112,"(-0.03860000000000001, 0.05629999999999996)","(-0.05810000000000001, 0.02939999999999998)","(-0.07579999999999999, 0.023599999999999986)"
146.966,154.651,"(-0.0364, 0.055800000000000016)","(-0.060999999999999985, 0.029200000000000007)","(-0.0752, 0.024800000000000016)"
155.255,176.766,"(-0.03870000000000001, 0.05629999999999996)","(-0.05810000000000001, 0.02939999999999998)","(-0.07830000000000001, 0.0242)"
154.257,154.651,"(-0.0364, 0.0469)","(-0.05049999999999999, 0.02540000000000001)","(-0.0724, 0.019800000000000012)"
155.255,184.209,"(-0.03889999999999999, 0.05629999999999996)","(-0.05869999999999999, 0.02939999999999998)","(-0.07830000000000001, 0.0242)"
162.123,191.954,"(-0.03889999999999999, 0.05329999999999998)","(-0.06, 0.029000000000000026)","(-0.07830000000000001, 0.0242)"
167.146,197.067,"(-0.03889999999999999, 0.05329999999999998)","(-0.06, 0.028900000000000012)","(-0.07830000000000001, 0.0242)"
174.437,204.359,"(-0.0407, 0.05309999999999998)","(-0.06, 0.030399999999999983)","(-0.0758, 0.023300000000000015)"
181.456,211.136,"(-0.0407, 0.05309999999999998)","(-0.06, 0.03290000000000001)","(-0.0758, 0.023300000000000015)"
189.171,218.669,"(-0.0407, 0.05349999999999997)","(-0.0585, 0.03290000000000001)","(-0.07500000000000001, 0.023300000000000015)"
194.102,224.084,"(-0.0407, 0.05349999999999997)","(-0.0585, 0.03290000000000001)","(-0.0757, 0.023300000000000015)"
202.05900000000003,232.011,"(-0.0406, 0.05349999999999997)","(-0.0612, 0.03290000000000001)","(-0.0773, 0.023300000000000015)"
209.653,238.577,"(-0.0406, 0.05349999999999997)","(-0.0612, 0.029799999999999993)","(-0.0773, 0.02260000000000001)"
239.121,239.484,"(-0.03199999999999999, 0.04300000000000001)","(-0.051600000000000014, 0.0232)","(-0.06889999999999999, 0.014000000000000012)"
214.767,238.577,"(-0.0406, 0.05349999999999997)","(-0.0612, 0.029799999999999993)","(-0.0773, 0.02260000000000001)"
239.12099999999998,244.71900000000002,"(-0.037999999999999985, 0.04939999999999997)","(-0.056899999999999985, 0.0315)","(-0.07390000000000001, 0.021900000000000003)"
221.755,238.577,"(-0.0406, 0.0524)","(-0.0612, 0.029200000000000007)","(-0.0773, 0.02260000000000001)"
239.121,251.163,"(-0.037999999999999985, 0.053299999999999965)","(-0.05889999999999999, 0.03159999999999999)","(-0.0766, 0.023899999999999973)"
251.707,251.707,"(-0.012200000000000004, -0.012200000000000004)","(-0.04350000000000001, -0.04350000000000001)","(-0.0575, -0.0575)"
229.28799999999998,238.577,"(-0.0406, 0.0524)","(-0.0612, 0.029200000000000007)","(-0.0738, 0.02260000000000001)"
239.12099999999998,251.16299999999998,"(-0.037999999999999985, 0.053299999999999965)","(-0.05889999999999999, 0.03159999999999999)","(-0.0766, 0.023899999999999973)"
251.707,259.27099999999996,"(-0.03889999999999999, 0.05240000000000003)","(-0.057399999999999986, 0.03219999999999998)","(-0.07710000000000003, 0.0237)"
237.064,238.577,"(-0.03620000000000001, 0.04379999999999998)","(-0.056399999999999985, 0.024900000000000002)","(-0.0738, 0.01899999999999999)"
251.707,266.834,"(-0.03889999999999999, 0.0529)","(-0.057399999999999986, 0.03219999999999998)","(-0.07710000000000003, 0.0237)"
243.93099999999998,251.16299999999998,"(-0.03549999999999999, 0.053299999999999965)","(-0.05889999999999999, 0.03159999999999999)","(-0.0766, 0.023899999999999973)"
251.707,273.883,"(-0.039499999999999987, 0.05410000000000001)","(-0.057399999999999986, 0.03219999999999998)","(-0.07710000000000003, 0.023900000000000005)"
249.165,251.163,"(-0.03549999999999999, 0.04340000000000002)","(-0.052099999999999994, 0.027499999999999997)","(-0.07239999999999999, 0.015600000000000003)"
251.707,279.087,"(-0.039499999999999987, 0.05510000000000004)","(-0.057899999999999986, 0.03219999999999998)","(-0.07710000000000003, 0.023900000000000005)"
256.881,286.863,"(-0.039499999999999987, 0.05510000000000004)","(-0.057899999999999986, 0.0305)","(-0.07659999999999999, 0.023900000000000005)"
264.596,294.366,"(-0.039499999999999987, 0.05510000000000004)","(-0.057899999999999986, 0.0305)","(-0.07659999999999999, 0.027900000000000008)"
269.527,299.4790000000001,"(-0.0369, 0.05510000000000004)","(-0.06050000000000001, 0.03169999999999998)","(-0.07659999999999999, 0.027900000000000008)"
277.061,306.801,"(-0.036999999999999984, 0.05510000000000004)","(-0.06050000000000001, 0.03169999999999998)","(-0.07659999999999999, 0.027900000000000008)"
284.4120000000001,306.801,"(-0.036999999999999984, 0.054899999999999984)","(-0.06050000000000001, 0.03169999999999998)","(-0.076, 0.027900000000000008)"
307.345,314.3640000000001,"(-0.037099999999999994, 0.04829999999999998)","(-0.0563, 0.028400000000000012)","(-0.0701, 0.02200000000000002)"
291.915,306.801,"(-0.036999999999999984, 0.054899999999999984)","(-0.06050000000000001, 0.03169999999999998)","(-0.076, 0.023599999999999986)"
307.345,321.8979999999999,"(-0.0432, 0.0532)","(-0.05860000000000001, 0.0305)","(-0.07619999999999999, 0.023399999999999976)"
297.119,306.801,"(-0.036999999999999984, 0.054899999999999984)","(-0.0575, 0.03169999999999998)","(-0.076, 0.023599999999999986)"
307.345,327.101,"(-0.0432, 0.0532)","(-0.05860000000000001, 0.0305)","(-0.07619999999999999, 0.023800000000000016)"
304.35,306.801,"(-0.036999999999999984, 0.0479)","(-0.0567, 0.0237)","(-0.076, 0.016199999999999992)"
307.345,334.211,"(-0.0432, 0.0532)","(-0.05870000000000001, 0.0315)","(-0.07619999999999999, 0.023800000000000016)"
311.702,326.043,"(-0.0432, 0.0532)","(-0.05860000000000001, 0.0305)","(-0.07619999999999999, 0.023800000000000016)"
326.587,341.684,"(-0.043799999999999985, 0.05150000000000002)","(-0.05870000000000001, 0.0315)","(-0.077, 0.0227)"
319.235,348.915,"(-0.043799999999999985, 0.05350000000000002)","(-0.0592, 0.0315)","(-0.077, 0.023800000000000016)"
324.53,326.043,"(-0.035199999999999995, 0.0461)","(-0.057300000000000025, 0.0255)","(-0.0715, 0.01830000000000001)"
326.587,354.48199999999986,"(-0.043799999999999985, 0.05350000000000002)","(-0.0592, 0.0315)","(-0.077, 0.0244)"
331.88199999999995,361.713,"(-0.043799999999999985, 0.05350000000000002)","(-0.0592, 0.03)","(-0.077, 0.0244)"
339.476,369.30699999999996,"(-0.043799999999999985, 0.05350000000000002)","(-0.0592, 0.03)","(-0.077, 0.0244)"
346.585,376.446,"(-0.037000000000000005, 0.05350000000000002)","(-0.0575, 0.028299999999999995)","(-0.07419999999999999, 0.0244)"
351.819,381.469,"(-0.03770000000000001, 0.053499999999999985)","(-0.0575, 0.028299999999999995)","(-0.07419999999999999, 0.02260000000000001)"
359.625,389.396,"(-0.03770000000000001, 0.053499999999999985)","(-0.0591, 0.031199999999999974)","(-0.07419999999999999, 0.027499999999999997)"
366.735,396.717,"(-0.03770000000000001, 0.053499999999999985)","(-0.0591, 0.03259999999999999)","(-0.07400000000000001, 0.027499999999999997)"
373.905,403.766,"(-0.0422, 0.05529999999999999)","(-0.0591, 0.03259999999999999)","(-0.07400000000000001, 0.027499999999999997)"
381.89300000000003,406.94300000000004,"(-0.0422, 0.05529999999999999)","(-0.0591, 0.03259999999999999)","(-0.07400000000000001, 0.027499999999999997)"
407.48800000000006,411.39,"(-0.037100000000000015, 0.04999999999999999)","(-0.056399999999999985, 0.033200000000000014)","(-0.0729, 0.022799999999999987)"
386.763,406.943,"(-0.0422, 0.05529999999999999)","(-0.057700000000000015, 0.03259999999999999)","(-0.07400000000000001, 0.027499999999999997)"
407.48800000000006,416.746,"(-0.037100000000000015, 0.05380000000000002)","(-0.060799999999999986, 0.033200000000000014)","(-0.0729, 0.022799999999999987)"
394.47900000000004,406.94300000000004,"(-0.0422, 0.05529999999999999)","(-0.05750000000000001, 0.03259999999999999)","(-0.0725, 0.02540000000000001)"
407.48800000000006,424.097,"(-0.037100000000000015, 0.05380000000000002)","(-0.060799999999999986, 0.033200000000000014)","(-0.0738, 0.02310000000000001)"
401.43699999999984,406.943,"(-0.033700000000000015, 0.05240000000000003)","(-0.057099999999999984, 0.029599999999999987)","(-0.0724, 0.02540000000000001)"
407.48800000000006,431.328,"(-0.03779999999999998, 0.05380000000000002)","(-0.060799999999999986, 0.033200000000000014)","(-0.0738, 0.025300000000000017)"
409.091,438.983,"(-0.03779999999999998, 0.05380000000000002)","(-0.060799999999999986, 0.030400000000000014)","(-0.0738, 0.0262)"
413.901,443.672,"(-0.03779999999999998, 0.05380000000000002)","(-0.0575, 0.030400000000000014)","(-0.0768, 0.0262)"
421.495,451.478,"(-0.03779999999999998, 0.0544)","(-0.05900000000000001, 0.030299999999999994)","(-0.0768, 0.0262)"
429.029,458.285,"(-0.0421, 0.0544)","(-0.05900000000000001, 0.030299999999999994)","(-0.0768, 0.0262)"
458.829,459.011,"(-0.027100000000000013, -0.009199999999999986)","(-0.0509, -0.0305)","(-0.0688, -0.05209999999999998)"
436.714,458.285,"(-0.0421, 0.0544)","(-0.05900000000000001, 0.0285)","(-0.0768, 0.024900000000000002)"
458.829,466.48400000000004,"(-0.037100000000000015, 0.053899999999999976)","(-0.06170000000000001, 0.028700000000000007)","(-0.07590000000000001, 0.024900000000000002)"
441.403,458.285,"(-0.0421, 0.0544)","(-0.05900000000000001, 0.0285)","(-0.0743, 0.024900000000000002)"
458.829,471.355,"(-0.037100000000000015, 0.053899999999999976)","(-0.06170000000000001, 0.028700000000000007)","(-0.07590000000000001, 0.024900000000000002)"
448.603,458.285,"(-0.0421, 0.0517)","(-0.055900000000000005, 0.0285)","(-0.0743, 0.0199)"
458.829,478.585,"(-0.0374, 0.053899999999999976)","(-0.06170000000000001, 0.030300000000000018)","(-0.07590000000000001, 0.0257)"
456.651,458.285,"(-0.0421, 0.04800000000000002)","(-0.055900000000000005, 0.0285)","(-0.0715, 0.017299999999999982)"
458.829,486.331,"(-0.038999999999999986, 0.053899999999999976)","(-0.06170000000000001, 0.030300000000000018)","(-0.07590000000000001, 0.0257)"
463.94300000000004,493.80400000000003,"(-0.038999999999999986, 0.055899999999999984)","(-0.06170000000000001, 0.030300000000000018)","(-0.07590000000000001, 0.0257)"
469.237,499.068,"(-0.038999999999999986, 0.055899999999999984)","(-0.058099999999999985, 0.03110000000000002)","(-0.07390000000000001, 0.0257)"
476.105,487.45099999999996,"(-0.038999999999999986, 0.05350000000000002)","(-0.0557, 0.029700000000000008)","(-0.0729, 0.0242)"
487.995,506.087,"(-0.038699999999999984, 0.055899999999999984)","(-0.058099999999999985, 0.03110000000000002)","(-0.07540000000000001, 0.025399999999999975)"
483.82,513.651,"(-0.038999999999999986, 0.055899999999999984)","(-0.058099999999999985, 0.03110000000000002)","(-0.0762, 0.025399999999999975)"
491.353,521.305,"(-0.0378, 0.05579999999999999)","(-0.05939999999999999, 0.03140000000000001)","(-0.0762, 0.025300000000000017)"
496.648,525.7230000000002,"(-0.04010000000000001, 0.05579999999999999)","(-0.05939999999999999, 0.03140000000000001)","(-0.0762, 0.025300000000000017)"
526.2669999999998,526.418,"(-0.03240000000000001, -0.008300000000000002)","(-0.053499999999999985, -0.038099999999999995)","(-0.06650000000000003, -0.05529999999999999)"
504.151,528.839,"(-0.04010000000000001, 0.05579999999999999)","(-0.05939999999999999, 0.03140000000000001)","(-0.0762, 0.025300000000000017)"
529.383,534.073,"(-0.034099999999999984, 0.05010000000000003)","(-0.057800000000000025, 0.032799999999999996)","(-0.0727, 0.0232)"
511.503,528.839,"(-0.04010000000000001, 0.0529)","(-0.05939999999999999, 0.03140000000000001)","(-0.0761, 0.025300000000000017)"
529.383,541.364,"(-0.036999999999999984, 0.05080000000000001)","(-0.057800000000000025, 0.033300000000000024)","(-0.07400000000000001, 0.0232)"
519.036,528.839,"(-0.04010000000000001, 0.05179999999999998)","(-0.057200000000000015, 0.029900000000000013)","(-0.0761, 0.025099999999999983)"
529.383,548.807,"(-0.036999999999999984, 0.053999999999999986)","(-0.059299999999999985, 0.033300000000000024)","(-0.0751, 0.025100000000000008)"
523.756,525.7230000000002,"(-0.04010000000000001, 0.049400000000000034)","(-0.05410000000000001, 0.02729999999999999)","(-0.07289999999999999, 0.025099999999999983)"
526.2669999999998,528.839,"(-0.0364, 0.050299999999999984)","(-0.0558, 0.028700000000000007)","(-0.0761, 0.0232)"
529.383,553.738,"(-0.03939999999999999, 0.05610000000000001)","(-0.059299999999999985, 0.033300000000000024)","(-0.0751, 0.025100000000000008)"
120.523,120.675,"(-0.038899999999999935, -0.035499999999999865)","(-0.10250000000000004, -0.09719999999999997)","(0.0855999999999999, 0.08640000000000025)"
145.665,146.996,"(-0.05689999999999995, -0.027200000000000113)","(-0.08700000000000019, -0.06789999999999985)","(0.13680000000000006, 0.17510000000000006)"
145.605,146.996,"(-0.05689999999999995, -0.023399999999999862)","(-0.08700000000000019, -0.06789999999999985)","(0.13480000000000025, 0.17510000000000006)"
169.112,170.625,"(-0.12339999999999995, 0.04270000000000018)","(-0.10210000000000008, -0.04820000000000002)","(0.056200000000000035, 0.1419999999999999)"
145.967,146.996,"(-0.05689999999999995, -0.030299999999999994)","(-0.08700000000000019, -0.06789999999999985)","(0.13680000000000006, 0.17510000000000006)"
169.112,170.565,"(-0.12339999999999995, 0.04270000000000018)","(-0.10210000000000008, -0.04820000000000002)","(0.056200000000000035, 0.1419999999999999)"
169.112,170.53400000000005,"(-0.12339999999999995, 0.04270000000000018)","(-0.10210000000000008, -0.04820000000000002)","(0.056200000000000035, 0.1419999999999999)"
287.045,288.436,"(-0.05010000000000003, -0.025499999999999856)","(-0.0947, -0.02470000000000017)","(0.10699999999999976, 0.1690999999999998)"
286.893,292.217,"(-0.05010000000000003, -0.02059999999999995)","(-0.10570000000000013, -0.021399999999999864)","(0.10389999999999988, 0.1690999999999998)"
293.579,295.545,"(-0.046300000000000015, 0.03120000000000012)","(-0.060499999999999776, -0.03350000000000008)","(0.07240000000000002, 0.1437999999999997)"
284.957,285.381,"(-0.03279999999999994, -0.02500000000000013)","(-0.09800000000000007, -0.0959000000000001)","(0.1091000000000002, 0.11430000000000007)"
286.1670000000001,291.9459999999999,"(-0.05010000000000003, -0.02059999999999995)","(-0.10570000000000013, -0.021399999999999864)","(0.10389999999999988, 0.1690999999999998)"
293.579,298.5109999999999,"(-0.047699999999999854, 0.05059999999999998)","(-0.09980000000000012, -0.028100000000000236)","(0.07240000000000002, 0.1437999999999997)"
299.4790000000001,299.509,"(-0.019900000000000032, -0.019900000000000032)","(-0.0966999999999998, -0.0966999999999998)","(0.09739999999999993, 0.09739999999999993)"
301.99,302.0209999999999,"(-0.015199999999999882, -0.015199999999999882)","(-0.09549999999999992, -0.09549999999999992)","(0.10809999999999986, 0.10809999999999986)"
286.349,292.097,"(-0.05010000000000003, -0.02059999999999995)","(-0.10570000000000013, -0.021399999999999864)","(0.10389999999999988, 0.1690999999999998)"
305.651,305.681,"(-0.01819999999999999, -0.01819999999999999)","(-0.09650000000000024, -0.09650000000000024)","(0.10709999999999996, 0.10709999999999996)"
284.957,285.381,"(-0.03279999999999994, -0.02500000000000013)","(-0.09800000000000007, -0.09660000000000024)","(0.1091000000000002, 0.1137999999999999)"
292.399,292.49,"(-0.03410000000000002, -0.030600000000000183)","(-0.05410000000000004, -0.052299999999999784)","(0.1282000000000001, 0.12939999999999996)"
293.246,298.178,"(-0.047699999999999854, 0.05059999999999998)","(-0.09609999999999984, -0.028100000000000236)","(0.07240000000000002, 0.1437999999999997)"
297.482,298.2079999999999,"(-0.047699999999999854, 0.05059999999999998)","(-0.09609999999999984, -0.029100000000000126)","(0.10420000000000007, 0.12490000000000025)"
340.05,342.13699999999994,"(-0.11019999999999984, 0.06359999999999988)","(-0.10060000000000002, -0.02210000000000001)","(0.0969000000000002, 0.12660000000000027)"
339.869,343.983,"(-0.13459999999999986, 0.06359999999999988)","(-0.12200000000000012, -0.02210000000000001)","(0.08529999999999971, 0.12660000000000027)"
340.05,343.983,"(-0.13459999999999986, 0.06359999999999988)","(-0.12200000000000012, -0.02210000000000001)","(0.08529999999999971, 0.12660000000000027)"
340.05,344.01300000000015,"(-0.13459999999999986, 0.06359999999999988)","(-0.12200000000000012, -0.02210000000000001)","(0.08529999999999971, 0.12660000000000027)"
368.338,369.155,"(-0.12070000000000004, 0.052499999999999984)","(-0.11900000000000001, -0.03180000000000005)","(0.08240000000000025, 0.12659999999999982)"
368.338,373.603,"(-0.12070000000000004, 0.052499999999999984)","(-0.11900000000000001, -0.03180000000000005)","(0.08240000000000025, 0.12659999999999982)"
368.369,373.603,"(-0.12070000000000004, 0.052499999999999984)","(-0.11900000000000001, -0.03180000000000005)","(0.08240000000000025, 0.12659999999999982)"
368.278,373.935,"(-0.12070000000000004, 0.052499999999999984)","(-0.11900000000000001, -0.03180000000000005)","(0.08240000000000025, 0.12659999999999982)"
389.758,396.323,"(-0.11549999999999995, 0.06259999999999999)","(-0.09580000000000012, -0.02149999999999963)","(0.10990000000000012, 0.13249999999999984)"
371.30300000000005,375.025,"(-0.011900000000000022, 0.021500000000000075)","(-0.10200000000000033, -0.07779999999999987)","(0.10580000000000034, 0.12400000000000012)"
376.62800000000004,376.779,"(-0.012000000000000009, -0.008400000000000185)","(-0.08570000000000011, -0.0827)","(0.10729999999999996, 0.11759999999999993)"
378.897,378.92699999999996,"(-0.011500000000000066, -0.011500000000000066)","(-0.0860000000000003, -0.0860000000000003)","(0.10580000000000034, 0.10580000000000034)"
380.13800000000003,380.168,"(-0.011800000000000031, -0.011800000000000031)","(-0.08499999999999996, -0.08499999999999996)","(0.10849999999999982, 0.10849999999999982)"
381.31699999999995,381.347,"(-0.010700000000000154, -0.010700000000000154)","(-0.08519999999999994, -0.08519999999999994)","(0.11030000000000006, 0.11030000000000006)"
381.983,384.07099999999997,"(-0.0121, -0.006999999999999895)","(-0.08870000000000022, -0.08020000000000005)","(0.10670000000000003, 0.11750000000000015)"
385.341,385.735,"(-0.0121, -0.007200000000000095)","(-0.08820000000000006, -0.08190000000000007)","(0.10530000000000016, 0.11210000000000032)"
387.338,387.36800000000005,"(-0.011400000000000077, -0.011400000000000077)","(-0.08919999999999995, -0.08919999999999995)","(0.10680000000000024, 0.10680000000000024)"
388.306,388.42699999999996,"(-0.011599999999999831, -0.007300000000000084)","(-0.08749999999999991, -0.0838000000000001)","(0.1112000000000002, 0.11399999999999988)"
389.00199999999984,401.285,"(-0.11549999999999995, 0.06259999999999999)","(-0.09719999999999997, -0.02149999999999963)","(0.10889999999999976, 0.13249999999999984)"
378.595,401.77,"(-0.11549999999999995, 0.06259999999999999)","(-0.09719999999999997, -0.02149999999999963)","(0.10129999999999972, 0.13249999999999984)"
402.647,408.577,"(-0.08389999999999986, 0.02839999999999998)","(-0.09350000000000014, -0.042100000000000026)","(0.1131000000000002, 0.13329999999999975)"
385.583,401.83,"(-0.11549999999999995, 0.06259999999999999)","(-0.09719999999999997, -0.02149999999999963)","(0.1052000000000004, 0.13249999999999984)"
402.647,415.565,"(-0.08389999999999986, 0.02839999999999998)","(-0.09350000000000014, -0.042100000000000026)","(0.10470000000000024, 0.13329999999999975)"
392.995,422.978,"(-0.11419999999999984, 0.02839999999999998)","(-0.0935999999999999, -0.03970000000000007)","(0.10470000000000024, 0.13329999999999975)"
398.16900000000004,409.152,"(-0.08389999999999986, 0.02839999999999998)","(-0.09350000000000014, -0.040900000000000165)","(0.11080000000000023, 0.13329999999999975)"
410.33099999999996,410.392,"(-0.009100000000000108, -0.008599999999999941)","(-0.08819999999999961, -0.08190000000000007)","(0.11350000000000016, 0.11439999999999985)"
412.056,412.116,"(-0.008800000000000141, -0.008099999999999996)","(-0.0766, -0.0754999999999999)","(0.10820000000000007, 0.10870000000000024)"
414.9,414.991,"(-0.009099999999999886, -0.008099999999999996)","(-0.08910000000000018, -0.08579999999999988)","(0.11229999999999984, 0.11240000000000007)"
417.56300000000016,417.593,"(-0.009000000000000119, -0.009000000000000119)","(-0.08430000000000026, -0.08430000000000026)","(0.11560000000000015, 0.11560000000000015)"
418.591,418.621,"(-0.008799999999999919, -0.008799999999999919)","(-0.08790000000000031, -0.08790000000000031)","(0.10740000000000016, 0.10740000000000016)"
419.19599999999997,419.65,"(-0.009100000000000108, -0.008799999999999919)","(-0.09019999999999984, -0.08840000000000002)","(0.10970000000000013, 0.11229999999999984)"
420.345,420.981,"(-0.008399999999999963, -0.0057999999999998044)","(-0.09149999999999993, -0.08179999999999987)","(0.10840000000000004, 0.11589999999999988)"
421.67699999999996,421.73800000000006,"(-0.008899999999999908, -0.008299999999999974)","(-0.08479999999999999, -0.0828000000000002)","(0.109, 0.11000000000000032)"
422.585,422.615,"(-0.00890000000000013, -0.00890000000000013)","(-0.08320000000000016, -0.08320000000000016)","(0.11430000000000007, 0.11430000000000007)"
423.159,423.19,"(-0.006599999999999939, -0.006599999999999939)","(-0.08630000000000004, -0.08630000000000004)","(0.11629999999999985, 0.11629999999999985)"
424.037,425.066,"(-0.008899999999999908, -0.004499999999999949)","(-0.08949999999999969, -0.07859999999999978)","(0.10729999999999996, 0.11909999999999997)"
426.275,426.639,"(-0.008999999999999897, -0.00780000000000003)","(-0.08740000000000014, -0.0812999999999997)","(0.10969999999999967, 0.10999999999999988)"
405.612,408.426,"(-0.08389999999999986, 0.02839999999999998)","(-0.08919999999999995, -0.040900000000000165)","(0.1131000000000002, 0.13329999999999975)"
432.145,434.293,"(-0.08990000000000009, 0.03739999999999988)","(-0.11529999999999994, -0.045800000000000285)","(0.08469999999999978, 0.1431)"
432.205,434.293,"(-0.08990000000000009, 0.03739999999999988)","(-0.11529999999999994, -0.045800000000000285)","(0.08469999999999978, 0.1431)"
432.599,434.293,"(-0.08990000000000009, 0.03739999999999988)","(-0.11529999999999994, -0.045800000000000285)","(0.08469999999999978, 0.1431)"
463.156,463.852,"(-0.07889999999999997, 0.04049999999999998)","(-0.10379999999999988, -0.04979999999999984)","(0.09830000000000004, 0.1402000000000001)"
463.095,463.852,"(-0.07889999999999997, 0.04049999999999998)","(-0.10410000000000008, -0.04979999999999984)","(0.09120000000000016, 0.1402000000000001)"
509.566,510.686,"(-0.08400000000000007, 0.051100000000000145)","(-0.11090000000000022, -0.03489999999999993)","(0.09670000000000024, 0.16290000000000004)"
509.597,510.716,"(-0.08400000000000007, 0.051100000000000145)","(-0.11090000000000022, -0.03489999999999993)","(0.09670000000000024, 0.16290000000000004)"
15.752,17.295,"(-0.09310000000000017, 0.03930000000000011)","(-0.12560000000000016, -0.0394000000000001)","(0.0939000000000001, 0.1524000000000001)"
17.113,18.656,"(-0.08299999999999996, 0.04049999999999998)","(-0.1160000000000001, -0.0472999999999999)","(0.11210000000000032, 0.14159999999999995)"
17.113,18.929000000000002,"(-0.08299999999999996, 0.04049999999999998)","(-0.11649999999999985, -0.0472999999999999)","(0.09629999999999984, 0.14159999999999995)"
17.113,18.929,"(-0.08299999999999996, 0.04049999999999998)","(-0.11649999999999985, -0.0472999999999999)","(0.09629999999999984, 0.14159999999999995)"
17.083,18.929000000000002,"(-0.08299999999999996, 0.04049999999999998)","(-0.11649999999999985, -0.0472999999999999)","(0.09629999999999984, 0.14159999999999995)"
17.083,18.929,"(-0.08299999999999996, 0.04049999999999998)","(-0.11649999999999985, -0.0472999999999999)","(0.09629999999999984, 0.14159999999999995)"
19.473,19.503,"(-0.042999999999999934, -0.042999999999999934)","(-0.08099999999999996, -0.08099999999999996)","(0.11260000000000005, 0.11260000000000005)"
16.811,16.992,"(-0.0040999999999999925, -0.0027999999999999137)","(-0.08219999999999983, -0.07450000000000001)","(0.11370000000000012, 0.12119999999999995)"
49.758,50.333,"(-0.053399999999999885, -0.043299999999999894)","(-0.08889999999999976, -0.06950000000000013)","(0.10179999999999988, 0.10980000000000034)"
37.111,37.747,"(-0.06089999999999995, -0.04400000000000004)","(-0.09630000000000004, -0.06510000000000016)","(0.09600000000000007, 0.11240000000000007)"
19.291,21.076,"(-0.06800000000000006, 0.007400000000000073)","(-0.10359999999999993, -0.060899999999999725)","(0.08850000000000025, 0.13450000000000004)"
16.72,18.021,"(-0.0823999999999998, 0.01639999999999997)","(-0.0927, -0.0490999999999997)","(0.09089999999999998, 0.1328999999999998)"
16.66,18.384,"(-0.0823999999999998, 0.01639999999999997)","(-0.10339999999999994, -0.0490999999999997)","(0.08450000000000024, 0.1328999999999998)"
14.36,16.327,"(-0.10239999999999982, 0.023199999999999887)","(-0.1088, -0.044399999999999995)","(0.07669999999999977, 0.14150000000000018)"
11.819,12.151,"(0.00990000000000002, 0.04200000000000004)","(-0.09309999999999974, -0.07489999999999998)","(0.12340000000000018, 0.14319999999999974)"
11.819,13.906,"(-0.11969999999999993, 0.04279999999999995)","(-0.11689999999999978, -0.02849999999999975)","(0.07030000000000003, 0.14769999999999994)"
11.819,13.905999999999999,"(-0.11969999999999993, 0.04279999999999995)","(-0.11689999999999978, -0.02849999999999975)","(0.07030000000000003, 0.14769999999999994)"
12.424000000000001,15.177,"(-0.13480000000000006, 0.043199999999999905)","(-0.12270000000000005, -0.025400000000000308)","(0.06549999999999967, 0.1554000000000002)"
12.424,15.177,"(-0.13480000000000006, 0.043199999999999905)","(-0.12270000000000005, -0.025400000000000308)","(0.06549999999999967, 0.1554000000000002)"
30.969,31.424,"(-0.01760000000000006, -0.010399999999999965)","(-0.042999999999999934, -0.03820000000000001)","(0.021299999999999875, 0.02189999999999981)"
30.607,31.424,"(-0.021099999999999897, -0.010399999999999965)","(-0.04930000000000012, -0.029400000000000093)","(0.019600000000000062, 0.02189999999999981)"
30.607,31.424,"(-0.021099999999999897, -0.010399999999999965)","(-0.04930000000000012, -0.029400000000000093)","(0.019299999999999873, 0.02189999999999981)"
43.163000000000004,45.613,"(-0.0472999999999999, -0.014000000000000012)","(-0.06309999999999992, -0.018899999999999917)","(-0.02839999999999998, 0.03290000000000015)"
30.153,31.424,"(-0.021099999999999897, -0.010399999999999965)","(-0.04930000000000012, -0.0262)","(0.016699999999999937, 0.02189999999999981)"
32.845,32.876,"(-0.009399999999999851, -0.009399999999999851)","(-0.05510000000000015, -0.05510000000000015)","(0.016999999999999904, 0.016999999999999904)"
43.163,45.008,"(-0.0472999999999999, -0.014000000000000012)","(-0.06309999999999992, -0.018899999999999917)","(-0.028200000000000006, 0.03290000000000015)"
43.163000000000004,43.31399999999999,"(-0.028000000000000025, -0.014000000000000012)","(-0.06309999999999992, -0.05160000000000009)","(0.022399999999999975, 0.03290000000000015)"
43.828,45.008,"(-0.0472999999999999, -0.03550000000000009)","(-0.048000000000000036, -0.018899999999999917)","(-0.028200000000000006, 0.023700000000000058)"
54.538000000000004,54.56800000000001,"(-0.009600000000000051, -0.009600000000000051)","(-0.04919999999999991, -0.04919999999999991)","(0.01859999999999995, 0.01859999999999995)"
55.415,55.506,"(0.00019999999999997795, 0.0007000000000001451)","(-0.044599999999999966, -0.04259999999999997)","(0.019600000000000062, 0.02059999999999995)"
56.898,57.957,"(-0.011500000000000066, -0.0020999999999999908)","(-0.045199999999999914, -0.038900000000000164)","(0.018299999999999983, 0.02700000000000014)"
58.562,58.592,"(-0.00649999999999995, -0.00649999999999995)","(-0.01639999999999997, -0.01639999999999997)","(-0.0009000000000001228, -0.0009000000000001228)"
43.163,43.31399999999999,"(-0.028000000000000025, -0.014000000000000012)","(-0.06309999999999992, -0.05160000000000009)","(0.022399999999999975, 0.03290000000000015)"
43.828,44.978,"(-0.0472999999999999, -0.035900000000000036)","(-0.04760000000000009, -0.018899999999999917)","(-0.028200000000000006, 0.023700000000000058)"
49.364,49.395,"(-0.0129999999999999, -0.0129999999999999)","(-0.048599999999999983, -0.048599999999999983)","(-0.03069999999999995, -0.03069999999999995)"
56.898,57.86600000000001,"(-0.011500000000000066, -0.0020999999999999908)","(-0.045199999999999914, -0.04490000000000016)","(0.01970000000000005, 0.02700000000000014)"
63.343,63.705,"(-0.020399999999999974, -0.0040999999999999925)","(-0.035900000000000036, -0.029100000000000126)","(0.020500000000000185, 0.02760000000000007)"
65.763,65.913,"(-0.007700000000000041, -0.005100000000000104)","(-0.03530000000000011, -0.03329999999999988)","(0.019500000000000073, 0.024299999999999992)"
66.851,66.882,"(-0.005700000000000038, -0.005700000000000038)","(-0.026899999999999924, -0.026899999999999924)","(0.0222, 0.0222)"
31.121,31.18099999999999,"(0.017999999999999794, 0.01859999999999995)","(-0.02279999999999993, -0.021500000000000075)","(0.005399999999999849, 0.012299999999999978)"
31.06,31.18099999999999,"(0.01649999999999996, 0.01859999999999995)","(-0.026399999999999983, -0.021500000000000075)","(0.005399999999999849, 0.015800000000000036)"
31.877,31.938,"(-0.0190999999999999, -0.01739999999999986)","(-0.0046000000000001595, -0.0043000000000001926)","(0.003900000000000015, 0.006399999999999961)"
31.877,31.938000000000002,"(-0.0190999999999999, -0.01739999999999986)","(-0.0046000000000001595, -0.0043000000000001926)","(0.003900000000000015, 0.006399999999999961)"
58.50100000000001,59.833,"(-0.038899999999999935, 0.03279999999999994)","(-0.05359999999999987, -0.015300000000000091)","(-0.020399999999999974, 0.04939999999999989)"
58.80399999999999,59.833,"(-0.038899999999999935, 0.03279999999999994)","(-0.04980000000000006, -0.015300000000000091)","(-0.020399999999999974, 0.04939999999999989)"
65.763,67.487,"(-0.04509999999999992, 0.056200000000000035)","(-0.05730000000000012, -0.00869999999999993)","(-0.022399999999999975, 0.04400000000000004)"
65.763,67.789,"(-0.04509999999999992, 0.056200000000000035)","(-0.05730000000000012, -0.00869999999999993)","(-0.022399999999999975, 0.04400000000000004)"
59.01600000000001,59.924,"(-0.038899999999999935, 0.03279999999999994)","(-0.045499999999999874, -0.015300000000000091)","(-0.020399999999999974, 0.04939999999999989)"
66.21600000000001,67.85,"(-0.04509999999999992, 0.056200000000000035)","(-0.05730000000000012, -0.008099999999999996)","(-0.022399999999999975, 0.04400000000000004)"
85.76100000000002,87.395,"(-0.08850000000000002, -0.0414000000000001)","(-0.05679999999999996, -0.024000000000000018)","(0.030299999999999994, 0.14850000000000008)"
66.21600000000001,68.183,"(-0.04509999999999992, 0.056200000000000035)","(-0.05730000000000012, -0.008099999999999996)","(-0.022399999999999975, 0.04400000000000004)"
68.90899999999999,68.939,"(-0.009700000000000042, -0.009700000000000042)","(-0.03099999999999992, -0.03099999999999992)","(-0.0020999999999999908, -0.0020999999999999908)"
76.957,76.987,"(-0.007799999999999806, -0.007799999999999806)","(-0.03290000000000015, -0.03290000000000015)","(-0.0020999999999999908, -0.0020999999999999908)"
86.396,89.845,"(-0.08850000000000002, -0.011900000000000022)","(-0.06659999999999999, -0.03439999999999998)","(0.04610000000000003, 0.14949999999999994)"
90.359,93.748,"(-0.06630000000000003, 0.05010000000000003)","(-0.07079999999999997, 0.011299999999999866)","(-0.05600000000000005, 0.13560000000000014)"
90.359,93.77799999999999,"(-0.06630000000000003, 0.05010000000000003)","(-0.07079999999999997, 0.011299999999999866)","(-0.05600000000000005, 0.13560000000000014)"
94.959,94.98899999999999,"(-0.014699999999999937, -0.014699999999999937)","(-0.023800000000000043, -0.023800000000000043)","(-0.0016000000000000456, -0.0016000000000000456)"
97.83200000000001,97.863,"(-0.007000000000000117, -0.007000000000000117)","(-0.032399999999999984, -0.032399999999999984)","(-0.0062000000000002045, -0.0062000000000002045)"
99.46600000000001,99.49600000000001,"(-0.005899999999999793, -0.005899999999999793)","(-0.02849999999999997, -0.02849999999999997)","(-0.002300000000000191, -0.002300000000000191)"
34.025999999999996,37.837,"(-0.05209999999999981, 0.03359999999999985)","(-0.06599999999999984, 0.024399999999999974)","(-0.060799999999999965, 0.12319999999999998)"
38.473,38.533,"(-0.016199999999999992, -0.014000000000000012)","(-0.03769999999999985, -0.0363)","(-0.014299999999999981, -0.012499999999999956)"
34.025999999999996,37.836999999999996,"(-0.05209999999999981, 0.03359999999999985)","(-0.06599999999999984, 0.024399999999999974)","(-0.060799999999999965, 0.12319999999999998)"
37.777,37.837,"(-0.029999999999999805, -0.027700000000000058)","(-0.04360000000000008, -0.03970000000000007)","(-0.015300000000000091, -0.015000000000000124)"
38.473,38.503,"(-0.014000000000000012, -0.014000000000000012)","(-0.03769999999999985, -0.03769999999999985)","(-0.014299999999999981, -0.014299999999999981)"
64.12899999999999,65.49,"(-0.0394000000000001, 0.032200000000000006)","(-0.04530000000000012, -0.013300000000000091)","(0.012799999999999924, 0.03610000000000002)"
64.15899999999999,65.49,"(-0.0394000000000001, 0.032200000000000006)","(-0.04530000000000012, -0.013300000000000091)","(0.013100000000000113, 0.03610000000000002)"
26.159,26.795,"(-0.024000000000000018, 0.027100000000000124)","(-0.04669999999999997, -0.01869999999999994)","(-0.01639999999999997, 0.04220000000000002)"
26.159000000000002,26.795,"(-0.024000000000000018, 0.027100000000000124)","(-0.04669999999999997, -0.01869999999999994)","(-0.01639999999999997, 0.04220000000000002)"
26.341,26.401,"(-0.0033999999999998476, -0.002300000000000191)","(-0.032299999999999995, -0.03100000000000014)","(-0.01749999999999985, -0.016400000000000192)"
49.032,49.062,"(-0.03690000000000015, -0.03690000000000015)","(-0.03170000000000006, -0.03170000000000006)","(-0.019699999999999832, -0.019699999999999832)"
57.896,58.139,"(-0.041200000000000125, -0.0262)","(-0.040399999999999985, -0.03439999999999998)","(-0.02980000000000005, -0.008799999999999919)"
59.04600000000001,59.348,"(-0.016000000000000014, -0.0048999999999999036)","(-0.04580000000000006, -0.03279999999999994)","(0.02110000000000012, 0.02449999999999997)"
57.896,58.138999999999996,"(-0.041200000000000125, -0.0262)","(-0.040399999999999985, -0.03439999999999998)","(-0.02980000000000005, -0.008799999999999919)"
58.108000000000004,58.138999999999996,"(-0.041200000000000125, -0.041200000000000125)","(-0.03439999999999998, -0.03439999999999998)","(-0.008799999999999919, -0.008799999999999919)"
59.04600000000001,59.379,"(-0.016000000000000014, -0.0048999999999999036)","(-0.04580000000000006, -0.031400000000000095)","(0.020399999999999974, 0.02449999999999997)"
74.627,74.779,"(0.0034000000000000696, 0.006399999999999961)","(-0.0371999999999999, -0.035000000000000135)","(0.021700000000000053, 0.02320000000000011)"
76.14,76.655,"(-0.019900000000000032, -0.01660000000000017)","(-0.03159999999999985, -0.024599999999999955)","(-0.030400000000000205, -0.029900000000000038)"
59.257,59.348,"(-0.016000000000000014, -0.0048999999999999036)","(-0.04580000000000006, -0.0391999999999999)","(0.02249999999999996, 0.02449999999999997)"
74.627,74.748,"(0.0034000000000000696, 0.006399999999999961)","(-0.03660000000000019, -0.035000000000000135)","(0.022299999999999983, 0.02320000000000011)"
75.988,76.715,"(-0.019900000000000032, -0.013300000000000091)","(-0.03159999999999985, -0.023299999999999876)","(-0.030400000000000205, -0.028000000000000025)"
75.988,76.715,"(-0.019900000000000032, -0.013300000000000091)","(-0.03159999999999985, -0.023299999999999876)","(-0.030400000000000205, -0.02849999999999997)"
75.988,76.715,"(-0.02159999999999984, -0.013300000000000091)","(-0.03159999999999985, -0.022600000000000176)","(-0.030400000000000205, -0.026899999999999924)"
101.251,102.189,"(0.010599999999999945, 0.027800000000000047)","(-0.04830000000000001, -0.025600000000000067)","(0.017800000000000038, 0.033300000000000114)"
103.24799999999999,103.309,"(-0.026000000000000027, -0.019500000000000073)","(-0.040100000000000025, -0.03760000000000008)","(-0.027900000000000036, -0.02700000000000014)"
101.009,102.189,"(0.003499999999999837, 0.027800000000000047)","(-0.05609999999999982, -0.025600000000000067)","(0.017800000000000038, 0.033300000000000114)"
16.145,17.083,"(-0.02210000000000001, 0.031100000000000124)","(-0.05069999999999997, -0.011399999999999856)","(-0.023499999999999858, 0.01869999999999994)"
19.019000000000002,19.05,"(-0.01350000000000007, -0.01350000000000007)","(-0.05100000000000016, -0.05100000000000016)","(0.014699999999999937, 0.014699999999999937)"
16.145,17.083,"(-0.02210000000000001, 0.031100000000000124)","(-0.05069999999999997, -0.011399999999999856)","(-0.023499999999999858, 0.01869999999999994)"
